INSERT INTO A_SEQUENCE VALUES ('ORDER_NUM', 1000);
INSERT INTO A_SEQUENCE VALUES ('LINE_NUM', 1000);

INSERT INTO CATEGORY VALUES ('REGLISSE','Réglisse','<image src=".../images/reglisse_icon.jpg"><font size="5" color="blue"> R&eacute;glisse</font>');
INSERT INTO CATEGORY VALUES ('CARAMEL','Caramel','<image src=".../images/caramel_icon.jpg"><font size="5" color="blue"> Caramel</font>');
INSERT INTO CATEGORY VALUES ('CHOCOLAT','Chocolat','<image src=".../images/chocolat_icon.jpg"><font size="5" color="blue"> Chocolat</font>');
INSERT INTO CATEGORY VALUES ('SUCETTE','Sucette','<image src=".../images/sucette_icon.jpg"><font size="5" color="blue"> Sucettes</font>');
INSERT INTO CATEGORY VALUES ('ACIDULE','Acidulé','<image src=".../images/acidule_icon.jpg"><font size="5" color="blue"> Acidul&eacute;s</font>');
INSERT INTO CATEGORY VALUES ('GELIFIE','Gelifié','<image src=".../images/gelifie_icon.jpg"><font size="5" color="blue"> Gelifiés</font>');
INSERT INTO CATEGORY VALUES ('BONBON','Bonbon','<image src=".../images/bonbon_icon.jpg"><font size="5" color="blue"> Bonbons</font>');
INSERT INTO CATEGORY VALUES ('PATISSERIE','Patisserie','<images src=".../images/patisseries_icon.jpg"><font size="5" color="blue"> Patisseries</font>');

INSERT INTO PRODUCT VALUES ('CH-SW-01','CHOCOLAT','Assortiment Chocolats','<image src="../images/AssortimentChocolats.png">Assortiment de chocolats de qualité');
INSERT INTO PRODUCT VALUES ('AC-SW-02','ACIDULE','Assortiment Bonbons','<image src="../images/AssortimentsBonbons.png">Assortiment de bonbons acidulés');
INSERT INTO PRODUCT VALUES ('RE-FW-01','REGLISSE', 'Baton de réglisse.','<image src="../images/BatonReglisse.png">Baton de réglisse. Souvenir, souvenir...');
INSERT INTO PRODUCT VALUES ('BO-FW-02','BONBON', 'Berlingots','<image src="../images/Berlingots.png">Berlingots de toutes les couleurs');
INSERT INTO PRODUCT VALUES ('CH-BD-01','CHOCOLAT','Boite de chocolats','<image src="../images/BoiteChocolats.png">Boite de chocolats fins');
INSERT INTO PRODUCT VALUES ('AC-DL-01','ACIDULE','Bonbons en vrac','<image src="../images/BonbonsVrac.png">Bonbons acidul&eacute;s en vrac');
INSERT INTO PRODUCT VALUES ('CA-RT-01','CARAMEL','Carambar','<image src="../images/Carambar.png">Carambar, favori des dentistes');
INSERT INTO PRODUCT VALUES ('CA-RT-02','CARAMEL','Caramel','<image src="../images/Caramel.png">Caramel au beurre sal&eacute;');
INSERT INTO PRODUCT VALUES ('AC-CW-01','ACIDULE','Carensac','<image src="../images/Carensac.png">Carensac, en sachet de 80');
INSERT INTO PRODUCT VALUES ('GE-SN-01','GELIFIE','Cerises','<image src="../images/Cerises.png">Cerises');
INSERT INTO PRODUCT VALUES ('CH-LI-02','CHOCOLAT','Chocolat au lait','<image src="../images/ChocolatLait.png">Chocolat au lait pour enfant de tout age');
INSERT INTO PRODUCT VALUES ('CH-DSH-01','CHOCOLAT','Chocolat fins','<image src="../images/ChocolatsFins.png">Chocolat fins, idéal avec un caf&eacute;.');
INSERT INTO PRODUCT VALUES ('SU-DLH-02','SUCETTE','Chupa Chupps','<image src="../images/ChupaChupps.png">Chuppa Chupps, par 2');
INSERT INTO PRODUCT VALUES ('PA-PO-02','PATISSERIE','Cup Cake','<image src="../images/Cupcake.png">Cup, cake, the one and only');
INSERT INTO PRODUCT VALUES ('GE-PO-03','GELIFIE','Dents Dracula','<image src="../images/DentsDracula.png">Dents de Dracula');
INSERT INTO PRODUCT VALUES ('BO-PO-03','BONBON','Distributeur de bonbons','<image src="../images/DistributeurBonbons.png">Distributeur de bonbons. Oui, mais combien?');
INSERT INTO PRODUCT VALUES ('PA-PO-03','PATISSERIE','Donut','<image src="../images/Donut.png">Donut, the one and only');
INSERT INTO PRODUCT VALUES ('AC-PO-03','ACIDULE','Dragibus','<image src="../images/Dragibus.png">Dragibus, en sachet de 25');
INSERT INTO PRODUCT VALUES ('PA-PO-04','PATISSERIE','Eclair','<image src="../images/Eclair.png">Eclair, the one and only');
INSERT INTO PRODUCT VALUES ('GE-PO-02','GELIFIE','Fraises','<image src="../images/Fraises.png">Fraises. Gelifi&eacute;es');
INSERT INTO PRODUCT VALUES ('GE-PO-04','GELIFIE','Fraises tagada','<image src="../images/FraisesTagada.png">Fraises tagada, en sachet de beaucoup');
INSERT INTO PRODUCT VALUES ('PA-PO-05','PATISSERIE','Frozen Yogurt','<image src="../images/FrozenYogurt.png">Frozen Yogurt, the one and only');
INSERT INTO PRODUCT VALUES ('PA-PO-06','PATISSERIE','Ginger Bread','<image src="../images/Gingerbread.png">Ginger Bread, the one and only');
INSERT INTO PRODUCT VALUES ('BO-PO-02','BONBON','Guimauve fondante','<image src="../images/GuimauveFondante.png">Guimauve fondante, ourson');
INSERT INTO PRODUCT VALUES ('GE-PO-15','GELIFIE','Oursons','<image src="../images/GummyBears.png">Oursons');
INSERT INTO PRODUCT VALUES ('PA-PO-07','PATISSERIE','Honeycomb','<image src="../images/Honeycomb.png">Honeycomb, the one and only');
INSERT INTO PRODUCT VALUES ('PA-PO-08','PATISSERIE','Icecream Sandwich','<image src="../images/IceCreamSandwich.png">Icecream Sandwich, the one and only');
INSERT INTO PRODUCT VALUES ('GE-PO-05','GELIFIE','Jelly Bean','<image src="../images/JellyBeans.png">Jelly Bean, the one and only');
INSERT INTO PRODUCT VALUES ('SU-PO-02','SUCETTE','Lollies Up','<image src="../images/LolliesUp.png">Sucettes Lollies Up');
INSERT INTO PRODUCT VALUES ('BO-PO-03','BONBON','Malabar','<image src="../images/MalabarOriginal.png">Malabar, version originale');
INSERT INTO PRODUCT VALUES ('BO-PO-14','BONBON','Michoko','<image src="../images/Michoko.png">Michoko, de la pie qui chante');
INSERT INTO PRODUCT VALUES ('GE-PO-06','GELIFIE','Oeuf au plat','<image src="../images/OeufPlat.png">Oeuf au plat');
INSERT INTO PRODUCT VALUES ('BO-PO-04','BONBON','Pates de fruit','<image src="../images/PatesFruit.png">Pates de fruit, parfums vari&eacute;s');
INSERT INTO PRODUCT VALUES ('BO-PO-05','BONBON','Pierrot Gourmant','<image src="../images/PierrotGourmand.png">Pierrot Gourmand');
INSERT INTO PRODUCT VALUES ('PA-PO-09','PATISSERIE','Pomme d''amour','<image src="../images/PommeAmour.png">Pomme d''amour avec un grand A');
INSERT INTO PRODUCT VALUES ('RE-PO-02','REGLISSE','Reglisses','<image src="../images/ReglisseCouleur.png">R&eacutelglisse multi-couleur');
INSERT INTO PRODUCT VALUES ('RE-PO-03','REGLISSE','Reglisse en rouleau','<image src="../images/Rotella.png">Rouleau de r&eacute;glisse');
INSERT INTO PRODUCT VALUES ('SU-PO-03','SUCETTE','Roudoudou','<image src="../images/Roudoudou.png">Roudoudou, le vrai, l''unique');
INSERT INTO PRODUCT VALUES ('GE-PO-07','GELIFIE','Schtroumpfs','<image src="../images/Schtroumpfs.png">Schtroumpfs, grand et petits');
INSERT INTO PRODUCT VALUES ('CH-PO-02','CHOCOLAT','Smarties','<image src="../images/Smarties.png">Smarties, de toutes les couleurs. Sauf noir');
INSERT INTO PRODUCT VALUES ('SU-PO-04','SUCETTE','Sucettes anciennes','<image src="../images/SucettesAnciennes.png">Sucettes de f&ecirc;te foraine');
INSERT INTO PRODUCT VALUES ('SU-PO-05','SUCETTE','Sucette sifflet','<image src="../images/SucettesSifflet.png">Deux en un, sucettes et sifflet');
INSERT INTO PRODUCT VALUES ('CA-PO-02','CARAMEL','Werthers','<image src="../images/WerthersOriginal.png">Werthers. Enough said');
INSERT INTO PRODUCT VALUES ('AC-CB-01','ACIDULE','Cola Bizz','<image src="../images/ColaBizz.png">Bouteilles de cola');
INSERT INTO PRODUCT VALUES ('AC-SB-02','ACIDULE','Collier','<image src="../images/Collier.png">Collier à croquer');

INSERT INTO SUPPLIER VALUES (1,'iCandy','AC','1200 Addicted Street','','San Francisco','CA','94024','415-427-1999');
INSERT INTO SUPPLIER VALUES (2,'Le Bonbon','AC','13, rue des confiseries','','Paris','','75008','01-45-92-22-34');

INSERT INTO ITEM (ITEM_ID, PRODUCT_ID, LIST_PRICE, UNIT_COST, SUPPLIER) VALUES ('EST-1','CH-SW-01',2.40,1.90,1);
INSERT INTO ITEM (ITEM_ID, PRODUCT_ID, LIST_PRICE, UNIT_COST, SUPPLIER) VALUES ('EST-2','AC-SW-02',4.90,4.00,1);
INSERT INTO ITEM (ITEM_ID, PRODUCT_ID, LIST_PRICE, UNIT_COST, SUPPLIER) VALUES ('EST-3','RE-FW-01',3.20,3.00,1);
INSERT INTO ITEM (ITEM_ID, PRODUCT_ID, LIST_PRICE, UNIT_COST, SUPPLIER) VALUES ('EST-4','BO-FW-02',4.90,4.00,1);
INSERT INTO ITEM (ITEM_ID, PRODUCT_ID, LIST_PRICE, UNIT_COST, SUPPLIER) VALUES ('EST-5','CH-BD-01',2.90,2.00,1);
INSERT INTO ITEM (ITEM_ID, PRODUCT_ID, LIST_PRICE, UNIT_COST, SUPPLIER) VALUES ('EST-6','AC-DL-01',1.40,1.00,1);
INSERT INTO ITEM (ITEM_ID, PRODUCT_ID, LIST_PRICE, UNIT_COST, SUPPLIER) VALUES ('EST-7','CA-RT-01',1.90,1.00,1);
INSERT INTO ITEM (ITEM_ID, PRODUCT_ID, LIST_PRICE, UNIT_COST, SUPPLIER) VALUES ('EST-8','CA-RT-02',3.40,3.00,1);
INSERT INTO ITEM (ITEM_ID, PRODUCT_ID, LIST_PRICE, UNIT_COST, SUPPLIER) VALUES ('EST-9','AC-CW-01',4.30,4.00,1);
INSERT INTO ITEM (ITEM_ID, PRODUCT_ID, LIST_PRICE, UNIT_COST, SUPPLIER) VALUES ('EST-10','GE-SN-01',2.90,2.00,1);
INSERT INTO ITEM (ITEM_ID, PRODUCT_ID, LIST_PRICE, UNIT_COST, SUPPLIER) VALUES ('EST-11','CH-LI-02',2.30,2.00,1);
INSERT INTO ITEM (ITEM_ID, PRODUCT_ID, LIST_PRICE, UNIT_COST, SUPPLIER) VALUES ('EST-12','CH-DSH-01',3.50,3.00,1);
INSERT INTO ITEM (ITEM_ID, PRODUCT_ID, LIST_PRICE, UNIT_COST, SUPPLIER) VALUES ('EST-13','SU-DLH-02',3.10,3.00,1);
INSERT INTO ITEM (ITEM_ID, PRODUCT_ID, LIST_PRICE, UNIT_COST, SUPPLIER) VALUES ('EST-14','AC-CB-01',3.20,3.00,1);
INSERT INTO ITEM (ITEM_ID, PRODUCT_ID, LIST_PRICE, UNIT_COST, SUPPLIER) VALUES ('EST-15','AC-SB-02',4.00,4.00,1);
INSERT INTO ITEM (ITEM_ID, PRODUCT_ID, LIST_PRICE, UNIT_COST, SUPPLIER) VALUES ('EST-16','PA-PO-02',3.99,2.00,2);
INSERT INTO ITEM (ITEM_ID, PRODUCT_ID, LIST_PRICE, UNIT_COST, SUPPLIER) VALUES ('EST-17','GE-PO-03',2.90,2.00,1);
INSERT INTO ITEM (ITEM_ID, PRODUCT_ID, LIST_PRICE, UNIT_COST, SUPPLIER) VALUES ('EST-18','BO-PO-03',3.90,3.00,1);
INSERT INTO ITEM (ITEM_ID, PRODUCT_ID, LIST_PRICE, UNIT_COST, SUPPLIER) VALUES ('EST-19','PA-PO-03',3.49,2.99,2);
INSERT INTO ITEM (ITEM_ID, PRODUCT_ID, LIST_PRICE, UNIT_COST, SUPPLIER) VALUES ('EST-20','AC-PO-03',4.80,4.00,1);
INSERT INTO ITEM (ITEM_ID, PRODUCT_ID, LIST_PRICE, UNIT_COST, SUPPLIER) VALUES ('EST-21','PA-PO-04',2.95,2.10,2);
INSERT INTO ITEM (ITEM_ID, PRODUCT_ID, LIST_PRICE, UNIT_COST, SUPPLIER) VALUES ('EST-22','GE-PO-02',2.80,2.00,1);
INSERT INTO ITEM (ITEM_ID, PRODUCT_ID, LIST_PRICE, UNIT_COST, SUPPLIER) VALUES ('EST-23','GE-PO-04',4.30,4.00,1);
INSERT INTO ITEM (ITEM_ID, PRODUCT_ID, LIST_PRICE, UNIT_COST, SUPPLIER) VALUES ('EST-24','PA-PO-05',3.95,2.99,2);
INSERT INTO ITEM (ITEM_ID, PRODUCT_ID, LIST_PRICE, UNIT_COST, SUPPLIER) VALUES ('EST-25','PA-PO-06',2.45,1.99,2);
INSERT INTO ITEM (ITEM_ID, PRODUCT_ID, LIST_PRICE, UNIT_COST, SUPPLIER) VALUES ('EST-26','BO-PO-02',2.70,2.00,1);
INSERT INTO ITEM (ITEM_ID, PRODUCT_ID, LIST_PRICE, UNIT_COST, SUPPLIER) VALUES ('EST-27','GE-PO-15',4.70,4.00,1);
INSERT INTO ITEM (ITEM_ID, PRODUCT_ID, LIST_PRICE, UNIT_COST, SUPPLIER) VALUES ('EST-28','PA-PO-07',3.95,3.49,2);
INSERT INTO ITEM (ITEM_ID, PRODUCT_ID, LIST_PRICE, UNIT_COST, SUPPLIER) VALUES ('EST-29','PA-PO-08',3.99,1.99,2);
INSERT INTO ITEM (ITEM_ID, PRODUCT_ID, LIST_PRICE, UNIT_COST, SUPPLIER) VALUES ('EST-30','GE-PO-05',1.49,0.99,2);
INSERT INTO ITEM (ITEM_ID, PRODUCT_ID, LIST_PRICE, UNIT_COST, SUPPLIER) VALUES ('EST-31','SU-PO-02',4.80,4.00,1);
INSERT INTO ITEM (ITEM_ID, PRODUCT_ID, LIST_PRICE, UNIT_COST, SUPPLIER) VALUES ('EST-32','BO-PO-03',2.90,2.00,1);
INSERT INTO ITEM (ITEM_ID, PRODUCT_ID, LIST_PRICE, UNIT_COST, SUPPLIER) VALUES ('EST-33','BO-PO-14',3.10,3.00,1);
INSERT INTO ITEM (ITEM_ID, PRODUCT_ID, LIST_PRICE, UNIT_COST, SUPPLIER) VALUES ('EST-34','GE-PO-06',4.20,4.00,1);
INSERT INTO ITEM (ITEM_ID, PRODUCT_ID, LIST_PRICE, UNIT_COST, SUPPLIER) VALUES ('EST-35','BO-PO-04',3.90,3.00,1);
INSERT INTO ITEM (ITEM_ID, PRODUCT_ID, LIST_PRICE, UNIT_COST, SUPPLIER) VALUES ('EST-36','BO-PO-05',3.00,2.00,1);
INSERT INTO ITEM (ITEM_ID, PRODUCT_ID, LIST_PRICE, UNIT_COST, SUPPLIER) VALUES ('EST-37','PA-PO-09',3.90,3.00,1);
INSERT INTO ITEM (ITEM_ID, PRODUCT_ID, LIST_PRICE, UNIT_COST, SUPPLIER) VALUES ('EST-38','RE-PO-02',3.60,3.00,1);
INSERT INTO ITEM (ITEM_ID, PRODUCT_ID, LIST_PRICE, UNIT_COST, SUPPLIER) VALUES ('EST-39','RE-PO-03',2.60,2.00,1);
INSERT INTO ITEM (ITEM_ID, PRODUCT_ID, LIST_PRICE, UNIT_COST, SUPPLIER) VALUES ('EST-40','SU-PO-03',3.90,3.00,1);
INSERT INTO ITEM (ITEM_ID, PRODUCT_ID, LIST_PRICE, UNIT_COST, SUPPLIER) VALUES ('EST-41','GE-PO-07',4.80,4.00,1);
INSERT INTO ITEM (ITEM_ID, PRODUCT_ID, LIST_PRICE, UNIT_COST, SUPPLIER) VALUES ('EST-42','CH-PO-02',3.20,3.00,1);
INSERT INTO ITEM (ITEM_ID, PRODUCT_ID, LIST_PRICE, UNIT_COST, SUPPLIER) VALUES ('EST-43','SU-PO-04',3.90,3.00,1);
INSERT INTO ITEM (ITEM_ID, PRODUCT_ID, LIST_PRICE, UNIT_COST, SUPPLIER) VALUES ('EST-44','SU-PO-05',1.60,1.00,1);
INSERT INTO ITEM (ITEM_ID, PRODUCT_ID, LIST_PRICE, UNIT_COST, SUPPLIER) VALUES ('EST-45','CA-PO-02',2.60,2.00,1);


INSERT INTO INVENTORY (ITEM_ID, QUANTITY ) VALUES ('EST-1',10000);
INSERT INTO INVENTORY (ITEM_ID, QUANTITY ) VALUES ('EST-2',10000);
INSERT INTO INVENTORY (ITEM_ID, QUANTITY ) VALUES ('EST-3',10000);
INSERT INTO INVENTORY (ITEM_ID, QUANTITY ) VALUES ('EST-4',10000);
INSERT INTO INVENTORY (ITEM_ID, QUANTITY ) VALUES ('EST-5',10000);
INSERT INTO INVENTORY (ITEM_ID, QUANTITY ) VALUES ('EST-6',10000);
INSERT INTO INVENTORY (ITEM_ID, QUANTITY ) VALUES ('EST-7',10000);
INSERT INTO INVENTORY (ITEM_ID, QUANTITY ) VALUES ('EST-8',10000);
INSERT INTO INVENTORY (ITEM_ID, QUANTITY ) VALUES ('EST-9',10000);
INSERT INTO INVENTORY (ITEM_ID, QUANTITY ) VALUES ('EST-10',10000);
INSERT INTO INVENTORY (ITEM_ID, QUANTITY ) VALUES ('EST-11',10000);
INSERT INTO INVENTORY (ITEM_ID, QUANTITY ) VALUES ('EST-12',10000);
INSERT INTO INVENTORY (ITEM_ID, QUANTITY ) VALUES ('EST-13',10000);
INSERT INTO INVENTORY (ITEM_ID, QUANTITY ) VALUES ('EST-14',10000);
INSERT INTO INVENTORY (ITEM_ID, QUANTITY ) VALUES ('EST-15',10000);
INSERT INTO INVENTORY (ITEM_ID, QUANTITY ) VALUES ('EST-16',10000);
INSERT INTO INVENTORY (ITEM_ID, QUANTITY ) VALUES ('EST-17',10000);
INSERT INTO INVENTORY (ITEM_ID, QUANTITY ) VALUES ('EST-18',10000);
INSERT INTO INVENTORY (ITEM_ID, QUANTITY ) VALUES ('EST-19',10000);
INSERT INTO INVENTORY (ITEM_ID, QUANTITY ) VALUES ('EST-20',10000);
INSERT INTO INVENTORY (ITEM_ID, QUANTITY ) VALUES ('EST-21',10000);
INSERT INTO INVENTORY (ITEM_ID, QUANTITY ) VALUES ('EST-22',10000);
INSERT INTO INVENTORY (ITEM_ID, QUANTITY ) VALUES ('EST-23',10000);
INSERT INTO INVENTORY (ITEM_ID, QUANTITY ) VALUES ('EST-24',10000);
INSERT INTO INVENTORY (ITEM_ID, QUANTITY ) VALUES ('EST-25',10000);
INSERT INTO INVENTORY (ITEM_ID, QUANTITY ) VALUES ('EST-26',10000);
INSERT INTO INVENTORY (ITEM_ID, QUANTITY ) VALUES ('EST-27',10000);
INSERT INTO INVENTORY (ITEM_ID, QUANTITY ) VALUES ('EST-28',10000);
INSERT INTO INVENTORY (ITEM_ID, QUANTITY ) VALUES ('EST-29',10000);
INSERT INTO INVENTORY (ITEM_ID, QUANTITY ) VALUES ('EST-30',10000);
INSERT INTO INVENTORY (ITEM_ID, QUANTITY ) VALUES ('EST-31',10000);
INSERT INTO INVENTORY (ITEM_ID, QUANTITY ) VALUES ('EST-32',10000);
INSERT INTO INVENTORY (ITEM_ID, QUANTITY ) VALUES ('EST-33',10000);
INSERT INTO INVENTORY (ITEM_ID, QUANTITY ) VALUES ('EST-34',10000);
INSERT INTO INVENTORY (ITEM_ID, QUANTITY ) VALUES ('EST-35',10000);
INSERT INTO INVENTORY (ITEM_ID, QUANTITY ) VALUES ('EST-36',10000);
INSERT INTO INVENTORY (ITEM_ID, QUANTITY ) VALUES ('EST-37',10000);
INSERT INTO INVENTORY (ITEM_ID, QUANTITY ) VALUES ('EST-38',10000);
INSERT INTO INVENTORY (ITEM_ID, QUANTITY ) VALUES ('EST-39',10000);
INSERT INTO INVENTORY (ITEM_ID, QUANTITY ) VALUES ('EST-40',10000);
INSERT INTO INVENTORY (ITEM_ID, QUANTITY ) VALUES ('EST-41',10000);
INSERT INTO INVENTORY (ITEM_ID, QUANTITY ) VALUES ('EST-42',10000);
INSERT INTO INVENTORY (ITEM_ID, QUANTITY ) VALUES ('EST-43',10000);
INSERT INTO INVENTORY (ITEM_ID, QUANTITY ) VALUES ('EST-44',10000);
INSERT INTO INVENTORY (ITEM_ID, QUANTITY ) VALUES ('EST-45',10000);
